{
  "name": "autosize",
  "description": "Autosize is a small, stand-alone script to automatically adjust textarea height to fit text.",
  "dependencies": {},
  "keywords": [
    "textarea",
    "form",
    "ui"
  ],
  "authors": [
    {
      "name": "Jack Moore",
      "url": "http://www.jacklmoore.com",
      "email": "hello@jacklmoore.com"
    }
  ],
  "license": "MIT",
  "homepage": "http://www.jacklmoore.com/autosize",
  "ignore": [],
  "repository": {
    "type": "git",
    "url": "http://github.com/jackmoore/autosize.git"
  },
  "main": "dist/autosize.js",
  "moduleType": [
    "amd",
    "node"
  ],
  "version": "3.0.8",
  "_release": "3.0.8",
  "_resolution": {
    "type": "version",
    "tag": "3.0.8",
    "commit": "ade6092d59008ab1b934ab4349a93c38b36de9a2"
  },
  "_source": "git://github.com/jackmoore/autosize.git",
  "_target": "~3.0.8",
  "_originalSource": "jackmoore/autosize"
}