{
  "name": "underscore",
  "description": "JavaScript's functional programming helper library.",
  "homepage": "http://documentcloud.github.com/underscore/",
  "version": "1.7.0",
  "keywords": [
    "util",
    "functional",
    "server",
    "client",
    "browser"
  ],
  "author": "Jeremy Ashkenas <jeremy@documentcloud.org>",
  "repository": {
    "type": "git",
    "url": "git://github.com/documentcloud/underscore.git"
  },
  "main": [
    "underscore.js"
  ],
  "ignore": [
    "component.json",
    "composer.json",
    "package.json",
    ".gitignore"
  ],
  "_release": "1.7.0",
  "_resolution": {
    "type": "version",
    "tag": "1.7.0",
    "commit": "dc64d58f5d1079e5822d480110b28d724bda06c2"
  },
  "_source": "git://github.com/components/underscore.git",
  "_target": "~1.7",
  "_originalSource": "components/underscore"
}