{
  "name": "backbone",
  "description": "Give your JS App some Backbone with Models, Views, Collections, and Events.",
  "homepage": "http://backbonejs.org/",
  "keywords": [
    "model",
    "view",
    "controller",
    "router",
    "server",
    "client",
    "browser"
  ],
  "author": "Jeremy Ashkenas <jeremy@documentcloud.org>",
  "repository": {
    "type": "git",
    "url": "git://github.com/components/backbone.git"
  },
  "dependencies": {
    "jquery": "~2.0.3",
    "underscore": "~1.5.0"
  },
  "version": "1.1.2",
  "main": "backbone.js",
  "_release": "1.1.2",
  "_resolution": {
    "type": "version",
    "tag": "1.1.2",
    "commit": "2c539b5e3c4026f6adc43aded941ede5aac8831f"
  },
  "_source": "git://github.com/components/backbone.git",
  "_target": "~1.1.2",
  "_originalSource": "components/backbone"
}