{
  "name": "datatables.net",
  "description": "DataTables for jQuery ",
  "main": [
    "js/jquery.dataTables.js"
  ],
  "keywords": [
    "filter",
    "sort",
    "DataTables",
    "jQuery",
    "table",
    "DataTables"
  ],
  "dependencies": {
    "jquery": ">=1.7"
  },
  "moduleType": [
    "globals",
    "amd",
    "node"
  ],
  "ignore": [
    "composer.json",
    "datatables.json",
    "package.json"
  ],
  "authors": [
    {
      "name": "SpryMedia Ltd",
      "homepage": "https://datatables.net"
    }
  ],
  "homepage": "https://datatables.net",
  "license": "MIT",
  "version": "2.1.1",
  "_release": "2.1.1",
  "_resolution": {
    "type": "version",
    "tag": "2.1.1",
    "commit": "6737766015e55485e6eeb168aae85925e2fe79de"
  },
  "_source": "https://github.com/DataTables/Dist-DataTables.git",
  "_target": "~2.1.1",
  "_originalSource": "datatables.net"
}